scenario,fiscal_year,fcff,discount_factor,pv_fcff
Bear,2027,50873.98,0.8909,45322.0312
Bear,2028,52654.56,0.7936,41789.126
Bear,2029,55422.41,0.707,39185.5871
Bear,2030,58098.05,0.6299,36594.5286
Bear,2031,60421.97,0.5611,33904.9519
Base,2027,56594.02,0.8909,50417.8352
Base,2028,60497.8,0.7936,48013.8888
Base,2029,65214.53,0.707,46108.9593
Base,2030,69779.54,0.6299,43952.411
Base,2031,74664.11,0.5611,41896.7316
Bull,2027,61193.87,0.8909,54515.6971
Bull,2028,67724.37,0.7936,53749.2334
Bull,2029,75022.67,0.707,53043.6581
Bull,2030,83103.38,0.6299,52344.7692
Bull,2031,90998.2,0.5611,51062.38
