scenario,fiscal_year,revenue,revenue_growth_pct,ebit_margin_pct,ebit,tax_rate_pct,nopat,da,capex,delta_nwc,fcff,fcff_margin_pct
Bear,2027,275031.63,3.0,25.5,70133.07,25.5,52249.13,5775.66,4400.51,2750.32,50873.98,18.5
Bear,2028,284657.74,3.5,25.5,72587.72,25.5,54077.85,5977.81,4554.52,2846.58,52654.56,18.5
Bear,2029,296044.05,4.0,25.8,76379.36,25.5,56902.63,6216.92,4736.7,2960.44,55422.41,18.72
Bear,2030,307885.81,4.0,26.0,80050.31,25.5,59637.48,6465.6,4926.17,3078.86,58098.05,18.87
Bear,2031,320201.24,4.0,26.0,83252.32,25.5,62022.98,6724.23,5123.22,3202.01,60421.97,18.87
Base,2027,283042.26,6.0,26.7,75572.28,25.3,56452.5,6085.41,3962.59,1981.3,56594.02,19.99
Base,2028,301440.01,6.5,26.8,80785.92,25.3,60347.08,6480.96,4220.16,2110.08,60497.8,20.07
Base,2029,322540.81,7.0,27.0,87086.02,25.3,65053.26,6934.63,4515.57,2257.79,65214.53,20.22
Base,2030,345118.66,7.0,27.0,93182.04,25.3,69606.98,7420.05,4831.66,2415.83,69779.54,20.22
Base,2031,369276.97,7.0,27.0,99704.78,25.3,74479.47,7939.45,5169.88,2584.94,74664.11,20.22
Bull,2027,291052.89,9.0,27.5,80039.54,25.0,60029.66,6403.16,3783.69,1455.26,61193.87,21.03
Bull,2028,318702.91,9.5,27.8,88599.41,25.0,66449.56,7011.46,4143.14,1593.51,67724.37,21.25
Bull,2029,350573.21,10.0,28.0,98160.5,25.0,73620.37,7712.61,4557.45,1752.87,75022.67,21.4
Bull,2030,385630.53,10.0,28.2,108747.81,25.0,81560.86,8483.87,5013.2,1928.15,83103.38,21.55
Bull,2031,422265.43,9.5,28.2,119078.85,25.0,89309.14,9289.84,5489.45,2111.33,90998.2,21.55
