wacc_pct,terminal_growth_pct,enterprise_value_inr_crore
10.25,3.5,945673.44
10.25,4.5,1075877.91
10.25,5.5,1260905.31
10.25,6.5,1544613.99
10.25,7.5,2034656.25
11.25,3.5,821610.98
11.25,4.5,914787.47
11.25,5.5,1040373.17
11.25,6.5,1218837.06
11.25,7.5,1492481.7
12.25,3.5,725968.31
12.25,4.5,795319.95
12.25,5.5,885220.22
12.25,6.5,1006390.16
12.25,7.5,1178579.01
13.25,3.5,649998.33
13.25,4.5,703202.59
13.25,5.5,770136.97
13.25,6.5,856903.77
13.25,7.5,973850.33
14.25,3.5,588208.81
14.25,4.5,630018.21
14.25,5.5,681384.05
14.25,6.5,746005.59
14.25,7.5,829774.25
