company_code,fiscal_year,period_end,revenue,operating_expenses,ebitda,depreciation_amortization,ebit,finance_cost,profit_before_tax,tax_expense,net_income,eps,cash_and_equivalents,receivables,current_assets,property_plant_equipment,total_assets,payables,current_liabilities,total_debt,total_liabilities,shareholders_equity,cash_from_operations,capital_expenditure,cash_from_investing,cash_from_financing,dividends_paid,free_cash_flow,source_url,verification_status
TCS,2022,2022-03-31,,,,,,,,,,,,,,,,,,,,,,,,,,,,
TCS,2023,2023-03-31,,,,,,,,,,,,,,,,,,,,,,,,,,,,
TCS,2024,2024-03-31,,,,,,,,,,,,,,,,,,,,,,,,,,,,
TCS,2025,2025-03-31,,,,,,,,,,,,,,,,,,,,,,,,,,,,
TCS,2026,2026-03-31,,,,,,,,,,,,,,,,,,,,,,,,,,,,
INFY,2022,2022-03-31,,,,,,,,,,,,,,,,,,,,,,,,,,,,
INFY,2023,2023-03-31,,,,,,,,,,,,,,,,,,,,,,,,,,,,
INFY,2024,2024-03-31,,,,,,,,,,,,,,,,,,,,,,,,,,,,
INFY,2025,2025-03-31,,,,,,,,,,,,,,,,,,,,,,,,,,,,
INFY,2026,2026-03-31,,,,,,,,,,,,,,,,,,,,,,,,,,,,
HCLTECH,2022,2022-03-31,,,,,,,,,,,,,,,,,,,,,,,,,,,,
HCLTECH,2023,2023-03-31,,,,,,,,,,,,,,,,,,,,,,,,,,,,
HCLTECH,2024,2024-03-31,,,,,,,,,,,,,,,,,,,,,,,,,,,,
HCLTECH,2025,2025-03-31,,,,,,,,,,,,,,,,,,,,,,,,,,,,
HCLTECH,2026,2026-03-31,,,,,,,,,,,,,,,,,,,,,,,,,,,,
WIPRO,2022,2022-03-31,,,,,,,,,,,,,,,,,,,,,,,,,,,,
WIPRO,2023,2023-03-31,,,,,,,,,,,,,,,,,,,,,,,,,,,,
WIPRO,2024,2024-03-31,,,,,,,,,,,,,,,,,,,,,,,,,,,,
WIPRO,2025,2025-03-31,,,,,,,,,,,,,,,,,,,,,,,,,,,,
WIPRO,2026,2026-03-31,,,,,,,,,,,,,,,,,,,,,,,,,,,,
TECHM,2022,2022-03-31,,,,,,,,,,,,,,,,,,,,,,,,,,,,
TECHM,2023,2023-03-31,,,,,,,,,,,,,,,,,,,,,,,,,,,,
TECHM,2024,2024-03-31,,,,,,,,,,,,,,,,,,,,,,,,,,,,
TECHM,2025,2025-03-31,,,,,,,,,,,,,,,,,,,,,,,,,,,,
TECHM,2026,2026-03-31,,,,,,,,,,,,,,,,,,,,,,,,,,,,
