symbol,fiscal_year,profit_attributable_to_owners,equity_attributable_to_owners,non_controlling_interest
TCS,2022,38327.0,89139.0,707.0
TCS,2023,42147.0,90424.0,782.0
TCS,2024,45908.0,90489.0,830.0
TCS,2025,48553.0,94756.0,1015.0
TCS,2026,49210.0,107240.0,1238.0
INFY,2022,22110.0,75350.0,386.0
INFY,2023,24095.0,75407.0,388.0
INFY,2024,26233.0,88116.0,345.0
INFY,2025,26713.0,95818.0,385.0
INFY,2026,29440.0,92852.0,445.0
HCLTECH,2022,13499.0,61914.0,92.0
HCLTECH,2023,14851.0,65405.0,-7.0
HCLTECH,2024,,,
HCLTECH,2025,17390.0,69655.0,18.0
HCLTECH,2026,16642.0,75165.0,32.0
