company_code,company_name,fiscal_year,period_end,statement_scope,currency,unit,primary_source,source_url,verification_status,notes
TCS,Tata Consultancy Services,2022,2022-03-31,Consolidated,INR,INR Crore,Annual Report,,PENDING,
TCS,Tata Consultancy Services,2023,2023-03-31,Consolidated,INR,INR Crore,Annual Report,,PENDING,
TCS,Tata Consultancy Services,2024,2024-03-31,Consolidated,INR,INR Crore,Annual Report,,PENDING,
TCS,Tata Consultancy Services,2025,2025-03-31,Consolidated,INR,INR Crore,Annual Report,,PENDING,
TCS,Tata Consultancy Services,2026,2026-03-31,Consolidated,INR,INR Crore,Annual Report,,PENDING,
INFY,Infosys,2022,2022-03-31,Consolidated,INR,INR Crore,Annual Report,,PENDING,
INFY,Infosys,2023,2023-03-31,Consolidated,INR,INR Crore,Annual Report,,PENDING,
INFY,Infosys,2024,2024-03-31,Consolidated,INR,INR Crore,Annual Report,,PENDING,
INFY,Infosys,2025,2025-03-31,Consolidated,INR,INR Crore,Annual Report,,PENDING,
INFY,Infosys,2026,2026-03-31,Consolidated,INR,INR Crore,Annual Report,,PENDING,
HCLTECH,HCL Technologies,2022,2022-03-31,Consolidated,INR,INR Crore,Annual Report,,PENDING,
HCLTECH,HCL Technologies,2023,2023-03-31,Consolidated,INR,INR Crore,Annual Report,,PENDING,
HCLTECH,HCL Technologies,2024,2024-03-31,Consolidated,INR,INR Crore,Annual Report,,PENDING,
HCLTECH,HCL Technologies,2025,2025-03-31,Consolidated,INR,INR Crore,Annual Report,,PENDING,
HCLTECH,HCL Technologies,2026,2026-03-31,Consolidated,INR,INR Crore,Annual Report,,PENDING,
WIPRO,Wipro,2022,2022-03-31,Consolidated,INR,INR Crore,Annual Report,,PENDING,
WIPRO,Wipro,2023,2023-03-31,Consolidated,INR,INR Crore,Annual Report,,PENDING,
WIPRO,Wipro,2024,2024-03-31,Consolidated,INR,INR Crore,Annual Report,,PENDING,
WIPRO,Wipro,2025,2025-03-31,Consolidated,INR,INR Crore,Annual Report,,PENDING,
WIPRO,Wipro,2026,2026-03-31,Consolidated,INR,INR Crore,Annual Report,,PENDING,
TECHM,Tech Mahindra,2022,2022-03-31,Consolidated,INR,INR Crore,Annual Report,,PENDING,
TECHM,Tech Mahindra,2023,2023-03-31,Consolidated,INR,INR Crore,Annual Report,,PENDING,
TECHM,Tech Mahindra,2024,2024-03-31,Consolidated,INR,INR Crore,Annual Report,,PENDING,
TECHM,Tech Mahindra,2025,2025-03-31,Consolidated,INR,INR Crore,Annual Report,,PENDING,
TECHM,Tech Mahindra,2026,2026-03-31,Consolidated,INR,INR Crore,Annual Report,,PENDING,
